{
  "description": "项目配置文件。",
  "setting": {
    "urlCheck": false,
    "es6": true,
    "postcss": true,
    "minified": true
  },
  "compileType": "weapp",
  "libVersion": "1.6.0",
  "appid": "wx91eb2abb680f62d4",
  "projectname": "%E6%AF%95%E4%BA%91%E6%B6%9B",
  "condition": {
    "weapp": {
      "current": -1,
      "list": [
        {
          "id": -1,
          "name": "新品",
          "pathName": "pages/new/new",
          "query": ""
        },
        {
          "id": -1,
          "name": "个人中心",
          "pathName": "pages/my/my",
          "query": ""
        },
        {
          "id": -1,
          "name": "折扣",
          "pathName": "pages/seckill/seckill",
          "query": ""
        },
        {
          "id": 3,
          "name": "避孕套专卖店",
          "pathName": "pages/goodslists/goodslists",
          "query": "type=3"
        },
        {
          "id": 4,
          "name": "避孕套专卖店",
          "pathName": "pages/goodsDetails/goodsDetails",
          "query": "id=1"
        },
        {
          "id": -1,
          "name": "加入我们",
          "pathName": "pages/attendUs/attendUs",
          "query": "id=1"
        },
        {
          "id": -1,
          "name": "订单",
          "pathName": "pages/myOrder/myOrder",
          "query": "id=1"
        },
        {
          "id": -1,
          "name": "收货地址",
          "pathName": "pages/address/address",
          "query": "id=1"
        },
        {
          "id": -1,
          "name": "评价列表",
          "pathName": "pages/goodsDetails/comments/comments",
          "query": "id=index-2"
        },
        {
          "id": -1,
          "name": "youhuiquan",
          "pathName": "pages/my/myTickets/myTickets",
          "query": ""
        },
        {
          "id": 10,
          "name": "去评价",
          "pathName": "pages/my/toComments/toComments",
          "query": "id=66"
        },
        {
          "id": -1,
          "name": "物流",
          "pathName": "pages/my/toLogistics/toLogistics",
          "query": "id=66"
        },
        {
          "id": -1,
          "name": "支付",
          "pathName": "pages/goodsDetails/pay/pay",
          "query": ""
        }
      ]
    },
    "search": {
      "current": -1,
      "list": []
    },
    "conversation": {
      "current": -1,
      "list": []
    }
  }
}