{
  "msgcode": 1,
  "msg": "获取成功",
  "data": [
    {
      "cid": -1,
      "cname": "热销",
      "shops": [
        {
          "id": 1,
          "name": "KIMI猕猴桃味",
          "logo": "logo1.png",
          "oprice": "100.00",
          "price": "80.00"
        },
        {
          "id": 2,
          "name": "KIMI葡萄味",
          "logo": "logo2.png",
          "oprice": "100.00",
          "price": "80.00"
        },
        {
          "id": 3,
          "name": "KIMI菠萝味",
          "logo": "logo3.png",
          "oprice": "100.00",
          "price": "80.00"
        },
        {
          "id": 4,
          "name": "KIMI水密桃味",
          "logo": "logo4.png",
          "oprice": "100.00",
          "price": "80.00"
        },
        {
          "id": 5,
          "name": "KIMI鸭梨味",
          "logo": "logo5.png",
          "oprice": "100.00",
          "price": "80.00"
        }
      ],
      "totalRecords": 5
    },
    {
      "cid": 1,
      "cname": "酒水",
      "shops": [
        {
          "id": 6,
          "name": "KIMI猕猴桃味",
          "logo": "logo1.png",
          "oprice": "100.00",
          "price": "80.00"
        },
        {
          "id": 7,
          "name": "KIMI葡萄味",
          "logo": "logo2.png",
          "oprice": "100.00",
          "price": "80.00"
        },
        {
          "id": 8,
          "name": "KIMI菠萝味",
          "logo": "logo3.png",
          "oprice": "100.00",
          "price": "80.00"
        },
        {
          "id": 9,
          "name": "KIMI水密桃味",
          "logo": "logo4.png",
          "oprice": "100.00",
          "price": "80.00"
        },
        {
          "id": 10,
          "name": "KIMI鸭梨味",
          "logo": "logo5.png",
          "oprice": "100.00",
          "price": "80.00"
        }
      ],
      "totalRecords": 5
    },
    {
      "cid": 3,
      "cname": "零食",
      "shops": [
        {
          "id": 11,
          "name": "KIMI猕猴桃味",
          "logo": "logo1.png",
          "oprice": "100.00",
          "price": "80.00"
        },
        {
          "id": 12,
          "name": "KIMI葡萄味",
          "logo": "logo2.png",
          "oprice": "100.00",
          "price": "80.00"
        },
        {
          "id": 13,
          "name": "KIMI菠萝味",
          "logo": "logo3.png",
          "oprice": "100.00",
          "price": "80.00"
        },
        {
          "id": 14,
          "name": "KIMI水密桃味",
          "logo": "logo4.png",
          "oprice": "100.00",
          "price": "80.00"
        },
        {
          "id": 15,
          "name": "KIMI鸭梨味",
          "logo": "logo5.png",
          "oprice": "100.00",
          "price": "80.00"
        }
      ],
      "totalRecords": 5
    },
    {
      "cid": 4,
      "cname": "干果",
      "shops": [
        {
          "id": 16,
          "name": "KIMI猕猴桃味",
          "logo": "logo1.png",
          "oprice": "100.00",
          "price": "80.00"
        },
        {
          "id": 17,
          "name": "KIMI葡萄味",
          "logo": "logo2.png",
          "oprice": "100.00",
          "price": "80.00"
        },
        {
          "id": 18,
          "name": "KIMI菠萝味",
          "logo": "logo3.png",
          "oprice": "100.00",
          "price": "80.00"
        },
        {
          "id": 19,
          "name": "KIMI水密桃味",
          "logo": "logo4.png",
          "oprice": "100.00",
          "price": "80.00"
        },
        {
          "id": 20,
          "name": "KIMI鸭梨味",
          "logo": "logo5.png",
          "oprice": "100.00",
          "price": "80.00"
        }
      ],
      "totalRecords": 5
    },
    {
      "cid": 5,
      "cname": "热销",
      "shops": [
        {
          "id": 21,
          "name": "KIMI猕猴桃味",
          "logo": "logo1.png",
          "oprice": "100.00",
          "price": "80.00"
        },
        {
          "id": 22,
          "name": "KIMI葡萄味",
          "logo": "logo2.png",
          "oprice": "100.00",
          "price": "80.00"
        },
        {
          "id": 23,
          "name": "KIMI菠萝味",
          "logo": "logo3.png",
          "oprice": "100.00",
          "price": "80.00"
        },
        {
          "id": 24,
          "name": "KIMI水密桃味",
          "logo": "logo4.png",
          "oprice": "100.00",
          "price": "80.00"
        },
        {
          "id": 25,
          "name": "KIMI鸭梨味",
          "logo": "logo5.png",
          "oprice": "100.00",
          "price": "80.00"
        }
      ],
      "totalRecords": 5
    },
    {
      "cid": 6,
      "cname": "热销",
      "shops": [
        {
          "id": 26,
          "name": "KIMI猕猴桃味",
          "logo": "logo1.png",
          "oprice": "100.00",
          "price": "80.00"
        },
        {
          "id": 27,
          "name": "KIMI葡萄味",
          "logo": "logo2.png",
          "oprice": "100.00",
          "price": "80.00"
        },
        {
          "id": 28,
          "name": "KIMI菠萝味",
          "logo": "logo3.png",
          "oprice": "100.00",
          "price": "80.00"
        },
        {
          "id": 29,
          "name": "KIMI水密桃味",
          "logo": "logo4.png",
          "oprice": "100.00",
          "price": "80.00"
        },
        {
          "id": 30,
          "name": "KIMI鸭梨味",
          "logo": "logo5.png",
          "oprice": "100.00",
          "price": "80.00"
        }
      ],
      "totalRecords": 5
    }
  ]
}